<Bindings>

	<Binding category="ADDONS" name="CLICK TotalAPButton:LeftButtonUp" header="TOTALAP">
	
	</Binding>
	
	<Binding category="ADDONS" name="TOTALAPALLDISPLAYSTOGGLE" header="TOTALAP">
	
		TotalAP_ToggleAllDisplays()
		
	</Binding>
	
	<Binding category="ADDONS" name="TOTALAPBUTTONTOGGLE" header="TOTALAP">
	
		TotalAP_ToggleActionButton()
		
	</Binding>
	
	<Binding category="ADDONS" name="TOTALAPBARDISPLAYTOGGLE" header="TOTALAP">
	
		TotalAP_ToggleBarDisplay()
		
	</Binding>
	
	<Binding category="ADDONS" name="TOTALAPICONSTOGGLE" header="TOTALAP">
	
		TotalAP_ToggleSpecIcons()
		
	</Binding>
	
	<Binding category="ADDONS" name="TOTALAPTOOLTIPTOGGLE" header="TOTALAP">
	
		TotalAP_ToggleTooltipDisplay()
		
	</Binding>
	
</Bindings>